{
    "Name": "ResnetV2-56 trained on CIFAR10",
    "Date": "Sun 18 Nov 2018 20:25:59",
    "Task": "Classification",
    "Net": {
        "Size": 3.4386159999999997,
        "Parameters": 859654,
        "Nodes": 198,
        "Layers": {
            "AggregationLayer": 1,
            "BatchNormalizationLayer": 56,
            "ConvolutionLayer": 57,
            "ElementwiseLayer": 55,
            "LinearLayer": 1,
            "SoftmaxLayer": 1,
            "ThreadingLayer": 27
        }
    },
    "Speed": 0.35435305000000006,
    "Indicator": {
        "Top-1": 0.9446,
        "Top-2": 0.9811,
        "Top-3": 0.9926,
        "Top-5": 0.9989,
        "LogLikelihood": -2.11227262068682e3,
        "CrossEntropyLoss": 0.211227262068682,
        "ProbabilityLoss": 1.725518864682234e-2,
        "MeanProbability": 0.9346097282326947,
        "GeometricMeanProbability": 0.8095900568617126,
        "VarianceProbability": 4.4050436262694115e-2,
        "ScottPi": 0.9384440723730597,
        "CohenKappa": 0.9384444444444444,
        "RejectionRate": 0.0
    },
    "Dual": {
        "Count": {
            "airplane": 1000,
            "automobile": 1000,
            "bird": 1000,
            "cat": 1000,
            "deer": 1000,
            "dog": 1000,
            "frog": 1000,
            "horse": 1000,
            "ship": 1000,
            "truck": 1000
        },
        "TPRate": {
            "airplane": 0.957,
            "automobile": 0.971,
            "bird": 0.937,
            "cat": 0.873,
            "deer": 0.956,
            "dog": 0.908,
            "frog": 0.957,
            "horse": 0.954,
            "ship": 0.971,
            "truck": 0.962
        },
        "TNRate": {
            "airplane": 0.993,
            "automobile": 0.9972222222222222,
            "bird": 0.9902222222222222,
            "cat": 0.9877777777777778,
            "deer": 0.9941111111111111,
            "dog": 0.9901111111111112,
            "frog": 0.9973333333333333,
            "horse": 0.9965555555555555,
            "ship": 0.9955555555555555,
            "truck": 0.9965555555555555
        },
        "FPRate": {
            "airplane": 7.0e-3,
            "automobile": 2.777777777777778e-3,
            "bird": 9.777777777777778e-3,
            "cat": 1.2222222222222223e-2,
            "deer": 5.888888888888889e-3,
            "dog": 9.888888888888888e-3,
            "frog": 2.6666666666666666e-3,
            "horse": 3.4444444444444444e-3,
            "ship": 4.4444444444444444e-3,
            "truck": 3.4444444444444444e-3
        },
        "FNRate": {
            "airplane": 4.3e-2,
            "automobile": 2.9e-2,
            "bird": 6.3e-2,
            "cat": 0.127,
            "deer": 4.4e-2,
            "dog": 9.2e-2,
            "frog": 4.3e-2,
            "horse": 4.6e-2,
            "ship": 2.9e-2,
            "truck": 3.8e-2
        },
        "F1Score": {
            "airplane": 0.9475247524752475,
            "automobile": 0.9729458917835672,
            "bird": 0.9254320987654321,
            "cat": 0.8804841149773072,
            "deer": 0.9517172722747635,
            "dog": 0.9093640460691037,
            "frog": 0.9661786976274609,
            "horse": 0.9612090680100756,
            "ship": 0.9656887120835406,
            "truck": 0.9653788258906172
        }
    },
    "Threshold": {
        "Uncertainty": [
            0.25, 0.3, 0.35, 0.4, 0.45, 0.5, 0.55, 0.6000000000000001, 0.65, 0.7, 0.75, 0.8, 0.81, 0.8200000000000001,
            0.8300000000000001, 0.8400000000000001, 0.8500000000000001, 0.8600000000000001, 0.8700000000000001,
            0.8800000000000001, 0.89, 0.9, 0.91, 0.92, 0.93, 0.9400000000000001, 0.9500000000000001, 0.9600000000000001,
            0.9700000000000001, 0.9800000000000001, 0.99, 0.991, 0.992, 0.993, 0.994, 0.995, 0.996, 0.997, 0.998, 0.999,
            0.9991, 0.9992, 0.9993, 0.9994, 0.9994999999999999, 0.9995999999999999, 0.9997, 0.9998, 0.9999
        ],
        "AcceptanceRate": [
            0.9446, 0.944872436218109, 0.9449614730311218, 0.9456129807692307, 0.9460543467361877, 0.9480728590117742,
            0.9508910490076954, 0.9540686424279459, 0.957150179395182, 0.9598596636054071, 0.9624013294557541,
            0.9658030001048987, 0.966249605719693, 0.9670352817272249, 0.9673064754271251, 0.9680727349614124,
            0.9685214626391097, 0.9695232027184878, 0.9699840340606706, 0.9708613512648094, 0.9722460351478782,
            0.9729700624596166, 0.9740512487836522, 0.9753421681512058, 0.9761099596378313, 0.977170453298211,
            0.9785611669797768, 0.9811236457053502, 0.9831562288039792, 0.9854704797047971, 0.9903892944038929,
            0.9907783105864995, 0.9914978744686171, 0.9925821716332012, 0.9936170212765958, 0.9940568841092401,
            0.9952830188679245, 0.9959641255605381, 0.996219281663516, 0.9893992932862191, 0.9903381642512077,
            0.9863013698630136, 0.979381443298969, 0.9824561403508771, 1.0, 1.0, 1.0, 1.0, 1.0
        ],
        "RejectionRate": [
            0.0, 5.0e-4, 7.0e-4, 1.6e-3, 2.7e-3, 6.3e-3, 1.24e-2, 1.81e-2, 2.45e-2, 3.09e-2, 3.72e-2, 4.67e-2, 4.89e-2,
            5.05e-2, 5.18e-2, 5.41e-2, 5.65e-2, 5.83e-2, 6.05e-2, 6.31e-2, 6.68e-2, 7.14e-2, 7.51e-2, 7.94e-2, 8.33e-2,
            8.89e-2, 9.51e-2, 0.1047, 0.1154, 0.1328, 0.178, 0.1867, 0.2002, 0.2181, 0.248, 0.2933, 0.3852, 0.554,
            0.7884, 0.9717, 0.9793, 0.9854, 0.9903, 0.9943, 0.9964, 0.9983, 0.9994, 0.9998, 0.9998
        ]
    },
    "Confusion": {
        "Classes": ["airplane", "automobile", "bird", "cat", "deer", "dog", "frog", "horse", "ship", "truck"],
        "ConfusionMatrix": [
            [957, 2, 9, 6, 1, 3, 0, 0, 16, 6],
            [3, 971, 1, 0, 0, 0, 0, 0, 6, 19],
            [8, 0, 937, 13, 17, 11, 7, 5, 2, 0],
            [12, 1, 25, 873, 12, 57, 10, 6, 3, 1],
            [2, 0, 14, 12, 956, 2, 4, 10, 0, 0],
            [2, 0, 18, 52, 9, 908, 2, 9, 0, 0],
            [6, 0, 15, 12, 5, 2, 957, 1, 1, 1],
            [3, 0, 4, 12, 8, 14, 0, 954, 4, 1],
            [16, 6, 2, 1, 1, 0, 0, 0, 971, 3],
            [11, 16, 0, 2, 0, 0, 1, 0, 8, 962]
        ]
    },
    "Test": [
        {
            "Index": 1,
            "TestID": "Dependency Check",
            "Result": "Success",
            "Time": 2.1901836,
            "MemoryChange": 5.101064
        },
        {
            "Index": 2,
            "TestID": "Pre-define",
            "Result": "Success",
            "Time": 0.e-7,
            "MemoryChange": 1.704e-3
        },
        {
            "Index": 3,
            "TestID": "GPU Warm-Up",
            "Result": "Success",
            "Time": 5.0634673,
            "MemoryChange": 6.5366384e1
        },
        {
            "Index": 4,
            "TestID": "Loading Model",
            "Result": "Success",
            "Time": 0.2184166,
            "MemoryChange": 4.358504
        },
        {
            "Index": 5,
            "TestID": "Loading Data",
            "Result": "Success",
            "Time": 0.3470716,
            "MemoryChange": 4.232584e1
        },
        {
            "Index": 6,
            "TestID": "Benchmark Test",
            "Result": "Success",
            "Time": 4.0332568,
            "MemoryChange": 0.927096
        },
        {
            "Index": 7,
            "TestID": "Result Dump",
            "Result": "Success",
            "Time": 0.0159244,
            "MemoryChange": -0.175512
        },
        {
            "Index": 8,
            "TestID": "Analyzing",
            "Result": "Success",
            "Time": 8.6957612,
            "MemoryChange": 2.6007152e1
        }
    ],
    "Image": {
        "High Precision Classification Curve.png": "https://i.loli.net/2018/11/18/5bf15a69eb501.png",
        "Classification Curve.png": "https://i.loli.net/2018/11/18/5bf15a6e7b995.png",
        "Accuracy Rejection Curve.png": "https://i.loli.net/2018/11/18/5bf15a6e7d530.png",