{
    "Name": "LeNet trained on MNIST",
    "Date": "Sun 18 Nov 2018 20:07:43",
    "Task": "Classification",
    "Net": {
        "Size": 1.7243199999999999,
        "Parameters": 431080,
        "Nodes": 11,
        "Layers": {
            "ConvolutionLayer": 2,
            "ElementwiseLayer": 3,
            "FlattenLayer": 1,
            "LinearLayer": 2,
            "PoolingLayer": 2,
            "SoftmaxLayer": 1
        }
    },
    "Speed": 0.35565309,
    "Indicator": {
        "Top-1": 0.9848,
        "Top-2": 0.9973,
        "Top-3": 0.9991,
        "Top-5": 0.9999,
        "LogLikelihood": -6.596566353714356e2,
        "CrossEntropyLoss": 6.596566353714356e-2,
        "ProbabilityLoss": 5.223221576051631e-3,
        "MeanProbability": 0.9815062061383284,
        "GeometricMeanProbability": 0.9361630082661214,
        "VarianceProbability": 1.3053648142478058e-2,
        "ScottPi": 0.9831045726745997,
        "CohenKappa": 0.983104643193073,
        "RejectionRate": 0.0
    },
    "Dual": {
        "Count": {
            "0": 980,
            "1": 1135,
            "2": 1032,
            "3": 1010,
            "4": 982,
            "5": 892,
            "6": 958,
            "7": 1028,
            "8": 974,
            "9": 1009
        },
        "TPRate": {
            "0": 0.9938775510204082,
            "1": 0.9947136563876652,
            "2": 0.9748062015503876,
            "3": 0.9891089108910891,
            "4": 0.9775967413441955,
            "5": 0.9887892376681614,
            "6": 0.9749478079331941,
            "7": 0.9834630350194552,
            "8": 0.9845995893223819,
            "9": 0.9851337958374629
        },
        "TNRate": {
            "0": 0.9985587583148559,
            "1": 0.9990975747320925,
            "2": 0.9989964317573595,
            "3": 0.9982202447163515,
            "4": 0.9994455533377689,
            "5": 0.9971453667105841,
            "6": 0.9993364299933643,
            "7": 0.9968791796700847,
            "8": 0.9984489253268336,
            "9": 0.996996996996997
        },
        "FPRate": {
            "0": 1.4412416851441242e-3,
            "1": 9.024252679075014e-4,
            "2": 1.0035682426404995e-3,
            "3": 1.7797552836484984e-3,
            "4": 5.544466622310934e-4,
            "5": 2.854633289415898e-3,
            "6": 6.635700066357001e-4,
            "7": 3.120820329915292e-3,
            "8": 1.5510746731664082e-3,
            "9": 3.003003003003003e-3
        },
        "FNRate": {
            "0": 6.122448979591836e-3,
            "1": 5.2863436123348016e-3,
            "2": 2.5193798449612403e-2,
            "3": 1.089108910891089e-2,
            "4": 2.240325865580448e-2,
            "5": 1.1210762331838564e-2,
            "6": 2.5052192066805846e-2,
            "7": 1.6536964980544747e-2,
            "8": 1.5400410677618069e-2,
            "9": 1.4866204162537165e-2
        },
        "F1Score": {
            "0": 0.9903406202338587,
            "1": 0.9938380281690141,
            "2": 0.9829018075232047,
            "3": 0.9866666666666667,
            "4": 0.9861325115562404,
            "5": 0.98,
            "6": 0.9841938883034773,
            "7": 0.9782293178519593,
            "8": 0.9851052901900359,
            "9": 0.9793103448275862
        }
    },
    "Threshold": {
        "Uncertainty": [
            0.25, 0.3, 0.35, 0.4, 0.45, 0.5, 0.55, 0.6000000000000001, 0.65, 0.7, 0.75, 0.8, 0.81, 0.8200000000000001,
            0.8300000000000001, 0.8400000000000001, 0.8500000000000001, 0.8600000000000001, 0.8700000000000001,
            0.8800000000000001, 0.89, 0.9, 0.91, 0.92, 0.93, 0.9400000000000001, 0.9500000000000001, 0.9600000000000001,
            0.9700000000000001, 0.9800000000000001, 0.99, 0.991, 0.992, 0.993, 0.994, 0.995, 0.996, 0.997, 0.998, 0.999,
            0.9991, 0.9992, 0.9993, 0.9994, 0.9994999999999999, 0.9995999999999999, 0.9997, 0.9998, 0.9999
        ],
        "AcceptanceRate": [
            0.9847969593918784, 0.9847969593918784, 0.9847954386315895, 0.9847939175670268, 0.9848909345607364,
            0.985277916875313, 0.9857572718154464, 0.9864389753892516, 0.9878159299164233, 0.9882981942903258,
            0.9890776699029126, 0.9894619515655082, 0.9896572703305617, 0.989752435064935, 0.9899502588569689,
            0.9902488572879634, 0.9907492121581783, 0.9908443540183113, 0.9910350448247759, 0.991332721525441,
            0.9919346605410924, 0.9920261705172766, 0.9926221948970181, 0.9926146271412453, 0.9928101889893179,
            0.9934142827742334, 0.993604951005673, 0.9937939594538684, 0.9941818181818182, 0.9952845017290161,
            0.9962825278810409, 0.9963822089806342, 0.9964822513591302, 0.9967931587386424, 0.9967831867896204,
            0.997199181299149, 0.9974011911207363, 0.9974931880108991, 0.9975738861932069, 0.9981957600360848,
            0.998188610890977, 0.9982950670606956, 0.9982861060329068, 0.9982780392607049, 0.9983837450935119,
            0.9985999299964998, 0.9989385540747729, 0.9991575400168492, 0.9993755463969027
        ],
        "RejectionRate": [
            2.0e-4, 2.0e-4, 3.0e-4, 4.0e-4, 6.0e-4, 1.5e-3, 3.0e-3, 4.5e-3, 6.9e-3, 8.7e-3, 1.12e-2, 1.31e-2, 1.38e-2,
            1.44e-2, 1.49e-2, 1.55e-2, 1.63e-2, 1.7e-2, 1.84e-2, 1.93e-2, 2.05e-2, 2.18e-2, 2.41e-2, 2.51e-2, 2.64e-2,
            2.82e-2, 3.05e-2, 3.32e-2, 3.75e-2, 4.57e-2, 5.85e-2, 6.02e-2, 6.19e-2, 6.45e-2, 6.74e-2, 7.17e-2, 7.65e-2,
            8.25e-2, 9.32e-2, 0.1132, 0.1167, 0.1202, 0.1248, 0.1289, 0.1338, 0.1429, 0.1521, 0.1691, 0.1993
        ]
    },
    "Confusion": {
        "Classes": [0, 1, 2, 3, 4, 5, 6, 7, 8, 9],
        "ConfusionMatrix": [
            [974, 0, 0, 0, 0, 2, 1, 1, 2, 0],
            [0, 1129, 0, 1, 0, 1, 0, 4, 0, 0],
            [4, 3, 1006, 4, 0, 0, 1, 11, 3, 0],
            [0, 0, 1, 999, 0, 6, 0, 3, 1, 0],
            [0, 1, 1, 0, 960, 0, 3, 0, 1, 16],
            [0, 0, 0, 4, 0, 882, 1, 1, 3, 1],
            [6, 3, 2, 1, 2, 9, 934, 0, 1, 0],
            [0, 1, 5, 0, 0, 0, 0, 1011, 3, 8],
            [1, 0, 0, 4, 0, 3, 0, 5, 959, 2],
            [2, 0, 0, 2, 3, 5, 0, 3, 0, 994]
        ]
    },
    "Test": [
        {
            "Index": 1,
            "TestID": "Dependency Check",
            "Result": "Success",
            "Time": 2.1841644,
            "MemoryChange": 5.10072
        },
        {
            "Index": 2,
            "TestID": "Pre-define",
            "Result": "Success",
            "Time": 0.e-7,
            "MemoryChange": 1.704e-3
        },
        {
            "Index": 3,
            "TestID": "GPU Warm-Up",
            "Result": "Success",
            "Time": 4.9717119,
            "MemoryChange": 6.5366384e1
        },
        {
            "Index": 4,
            "TestID": "Loading Model",
            "Result": "Success",
            "Time": 0.0887639,
            "MemoryChange": 7.451424
        },
        {
            "Index": 5,
            "TestID": "Loading Data",
            "Result": "Success",
            "Time": 2.0285895,
            "MemoryChange": 3.630344e1
        },
        {
            "Index": 6,
            "TestID": "Benchmark Test",
            "Result": "Success",
            "Time": 3.8935265,
            "MemoryChange": 1.058232
        },
        {
            "Index": 7,
            "TestID": "Result Dump",
            "Result": "Success",
            "Time": 0.0867990,
            "MemoryChange": -5.6904e-2
        },
        {
            "Index": 8,
            "TestID": "Analyzing",
            "Result": "Success",
            "Time": 17.6138624,
            "MemoryChange": 1.9038408e1
        }
    ],
    "Image": {
        "Classification Curve.png": "https://i.loli.net/2018/11/17/5bf004151b12a.png",
        "High Precision Classification Curve.png": "https://i.loli.net/2018/11/17/5bf0041535eab.png",
        "Accuracy Rejection Curve.png": "https://i.loli.net/2018/11/17/5bf00415503a1.png",