{
    "Name": "WRN16-10 trained on CIFAR10",
    "Date": "Mon 19 Nov 2018 12:46:10",
    "Task": "Classification",
    "Net": {
        "Size": 6.8502808e1,
        "Parameters": 17125702,
        "Nodes": 53,
        "Layers": {
            "AggregationLayer": 1,
            "BatchNormalizationLayer": 15,
            "ConvolutionLayer": 16,
            "ElementwiseLayer": 13,
            "LinearLayer": 1,
            "SoftmaxLayer": 1,
            "ThreadingLayer": 6
        }
    },
    "Speed": 1.61602325,
    "Indicator": {
        "Top-1": 0.965,
        "Top-2": 0.9901,
        "Top-3": 0.9963,
        "Top-5": 0.9989,
        "LogLikelihood": -1.1529768113065334e3,
        "CrossEntropyLoss": 0.11529768113065333,
        "ProbabilityLoss": 1.7105269728546934e-2,
        "MeanProbability": 0.9537021939292623,
        "GeometricMeanProbability": 0.891100840515153,
        "VarianceProbability": 2.7439129194232935e-2,
        "ScottPi": 0.9611109272522171,
        "CohenKappa": 0.961111111111111,
        "RejectionRate": 0.0
    },
    "Dual": {
        "Count": {
            "airplane": 1000,
            "automobile": 1000,
            "bird": 1000,
            "cat": 1000,
            "deer": 1000,
            "dog": 1000,
            "frog": 1000,
            "horse": 1000,
            "ship": 1000,
            "truck": 1000
        },
        "TPRate": {
            "airplane": 0.978,
            "automobile": 0.977,
            "bird": 0.948,
            "cat": 0.93,
            "deer": 0.977,
            "dog": 0.927,
            "frog": 0.982,
            "horse": 0.974,
            "ship": 0.982,
            "truck": 0.975
        },
        "TNRate": {
            "airplane": 0.9951111111111111,
            "automobile": 0.9982222222222222,
            "bird": 0.9952222222222222,
            "cat": 0.9912222222222222,
            "deer": 0.9961111111111111,
            "dog": 0.9938888888888889,
            "frog": 0.9976666666666667,
            "horse": 0.9992222222222222,
            "ship": 0.9966666666666667,
            "truck": 0.9977777777777778
        },
        "FPRate": {
            "airplane": 4.888888888888889e-3,
            "automobile": 1.7777777777777779e-3,
            "bird": 4.7777777777777775e-3,
            "cat": 8.777777777777778e-3,
            "deer": 3.8888888888888888e-3,
            "dog": 6.111111111111111e-3,
            "frog": 2.3333333333333335e-3,
            "horse": 7.777777777777777e-4,
            "ship": 3.3333333333333335e-3,
            "truck": 2.2222222222222222e-3
        },
        "FNRate": {
            "airplane": 2.2e-2,
            "automobile": 2.3e-2,
            "bird": 5.2e-2,
            "cat": 7.0e-2,
            "deer": 2.3e-2,
            "dog": 7.3e-2,
            "frog": 1.8e-2,
            "horse": 2.6e-2,
            "ship": 1.8e-2,
            "truck": 2.5e-2
        },
        "F1Score": {
            "airplane": 0.9673590504451038,
            "automobile": 0.980431510286001,
            "bird": 0.9522852837769965,
            "cat": 0.9258337481333997,
            "deer": 0.9711729622266402,
            "dog": 0.9354187689202825,
            "frog": 0.9805292061907139,
            "horse": 0.98334174659263,
            "ship": 0.9761431411530815,
            "truck": 0.9774436090225563
        }
    },
    "Threshold": {
        "Uncertainty": [
            0.25, 0.3, 0.35, 0.4, 0.45, 0.5, 0.55, 0.6000000000000001, 0.65, 0.7, 0.75, 0.8, 0.81, 0.8200000000000001,
            0.8300000000000001, 0.8400000000000001, 0.8500000000000001, 0.8600000000000001, 0.8700000000000001,
            0.8800000000000001, 0.89, 0.9, 0.91, 0.92, 0.93, 0.9400000000000001, 0.9500000000000001, 0.9600000000000001,
            0.9700000000000001, 0.9800000000000001, 0.99, 0.991, 0.992, 0.993, 0.994, 0.995, 0.996, 0.997, 0.998, 0.999,
            0.9991, 0.9992, 0.9993, 0.9994, 0.9994999999999999, 0.9995999999999999, 0.9997, 0.9998, 0.9999
        ],
        "AcceptanceRate": [
            0.965096509650965, 0.9651930386077215, 0.9656725380304243, 0.9662358481114117, 0.9676674364896074,
            0.9696725440806045, 0.9713620724549686, 0.9742546046606289, 0.976587261016256, 0.9792245191813226,
            0.981678915226167, 0.983837330552659, 0.9841103909680117, 0.9850230414746544, 0.9853110901269542,
            0.9857007675323309, 0.9861989043404973, 0.9870088719898605, 0.9873980726464048, 0.9877997029492892,
            0.9883968490525867, 0.9890967397113842, 0.990024670170546, 0.9910550705895032, 0.9919826652221019,
            0.9920461974286336, 0.9924259055982437, 0.9931218105169736, 0.993920972644377, 0.9951612903225806,
            0.9971615451067506, 0.9977418140760256, 0.9978313560403113, 0.9980407523510971, 0.9982344153198425,
            0.9984188587034641, 0.9988674971687429, 0.9988560970029742, 0.9993183367416496, 1.0, 1.0, 1.0, 1.0, 1.0,
            1.0, 1, 1, 1, 1
        ],
        "RejectionRate": [
            1.0e-4, 2.0e-4, 8.0e-4, 1.9e-3, 4.1e-3, 7.5e-3, 1.18e-2, 1.73e-2, 2.19e-2, 2.77e-2, 3.39e-2, 4.1e-2,
            4.34e-2, 4.52e-2, 4.69e-2, 4.89e-2, 5.08e-2, 5.32e-2, 5.57e-2, 5.74e-2, 6.06e-2, 6.45e-2, 6.77e-2, 7.21e-2,
            7.7e-2, 8.22e-2, 8.9e-2, 9.86e-2, 0.1117, 0.132, 0.1897, 0.2029, 0.2161, 0.2344, 0.2637, 0.3043, 0.3819,
            0.5629, 0.8533, 0.9919, 0.9945, 0.9967, 0.9982, 0.9989, 0.9996, 1.0, 1.0, 1.0, 1.0
        ]
    },
    "Confusion": {
        "Classes": ["airplane", "automobile", "bird", "cat", "deer", "dog", "frog", "horse", "ship", "truck"],
        "ConfusionMatrix": [
            [978, 0, 5, 2, 1, 0, 1, 0, 12, 1],
            [2, 977, 0, 1, 0, 0, 0, 0, 4, 16],
            [14, 0, 948, 12, 9, 7, 7, 0, 3, 0],
            [5, 1, 8, 930, 9, 34, 7, 0, 4, 2],
            [0, 0, 7, 5, 977, 7, 1, 3, 0, 0],
            [1, 0, 10, 45, 9, 927, 3, 4, 1, 0],
            [5, 0, 6, 6, 0, 1, 982, 0, 0, 0],
            [3, 0, 3, 7, 7, 6, 0, 974, 0, 0],
            [10, 3, 3, 1, 0, 0, 0, 0, 982, 1],
            [4, 12, 1, 0, 0, 0, 2, 0, 6, 975]
        ]
    },
    "Test": [
        {
            "Index": 1,
            "TestID": "Dependency Check",
            "Result": "Success",
            "Time": 2.1599919,
            "MemoryChange": 5.222144
        },
        {
            "Index": 2,
            "TestID": "Pre-define",
            "Result": "Success",
            "Time": 0.e-7,
            "MemoryChange": 1.776e-3
        },
        {
            "Index": 3,
            "TestID": "GPU Warm-Up",
            "Result": "Success",
            "Time": 5.7571354,
            "MemoryChange": 5.2965264e1
        },
        {
            "Index": 4,
            "TestID": "Loading Model",
            "Result": "Success",
            "Time": 1.2408240,
            "MemoryChange": 6.8762064e1
        },
        {
            "Index": 5,
            "TestID": "Loading Data",
            "Result": "Success",
            "Time": 0.3726294,
            "MemoryChange": 4.2323824e1
        },
        {
            "Index": 6,
            "TestID": "Benchmark Test",
            "Result": "Success",
            "Time": 16.7268949,
            "MemoryChange": 1.408384
        },
        {
            "Index": 7,
            "TestID": "Result Dump",
            "Result": "Success",
            "Time": 0.0967403,
            "MemoryChange": -4.4936e-2
        },
        {
            "Index": 8,
            "TestID": "Analyzing",
            "Result": "Success",
            "Time": 9.1335881,
            "MemoryChange": 2.4051944e1
        }
    ],
    "Image": {
        "Classification Curve.png": "https://i.loli.net/2018/11/19/5bf2402dc95e8.png",
        "High Precision Classification Curve.png": "https://i.loli.net/2018/11/19/5bf2402decafc.png",
        "ConfusionMatrix.png": "https://i.loli.net/2018/11/19/5bf2402e14fdc.png",
        "Accuracy Rejection Curve.png": "https://i.loli.net/2018/11/19/5bf2402e13374.png"
    }
}