{
    "Name": "WRN28-10 trained on CIFAR10",
    "Date": "Mon 19 Nov 2018 12:49:42",
    "Task": "Classification",
    "Net": {
        "Size": 1.45988888e2,
        "Parameters": 36497222,
        "Nodes": 95,
        "Layers": {
            "AggregationLayer": 1,
            "BatchNormalizationLayer": 27,
            "ConvolutionLayer": 28,
            "ElementwiseLayer": 25,
            "LinearLayer": 1,
            "SoftmaxLayer": 1,
            "ThreadingLayer": 12
        }
    },
    "Speed": 3.71322293,
    "Indicator": {
        "Top-1": 0.9712,
        "Top-2": 0.9916,
        "Top-3": 0.9969,
        "Top-5": 0.9994,
        "LogLikelihood": -1.246302322582057e3,
        "CrossEntropyLoss": 0.1246302322582057,
        "ProbabilityLoss": 6.639051329362922e-3,
        "MeanProbability": 0.9674390334678777,
        "GeometricMeanProbability": 0.8828232818099404,
        "VarianceProbability": 2.463353021363058e-2,
        "ScottPi": 0.967999923022037,
        "CohenKappa": 0.968,
        "RejectionRate": 0.0
    },
    "Dual": {
        "Count": {
            "airplane": 1000,
            "automobile": 1000,
            "bird": 1000,
            "cat": 1000,
            "deer": 1000,
            "dog": 1000,
            "frog": 1000,
            "horse": 1000,
            "ship": 1000,
            "truck": 1000
        },
        "TPRate": {
            "airplane": 0.975,
            "automobile": 0.987,
            "bird": 0.969,
            "cat": 0.925,
            "deer": 0.983,
            "dog": 0.937,
            "frog": 0.985,
            "horse": 0.984,
            "ship": 0.986,
            "truck": 0.981
        },
        "TNRate": {
            "airplane": 0.9966666666666667,
            "automobile": 0.9986666666666667,
            "bird": 0.9967777777777778,
            "cat": 0.9932222222222222,
            "deer": 0.9962222222222222,
            "dog": 0.9938888888888889,
            "frog": 0.9985555555555555,
            "horse": 0.9985555555555555,
            "ship": 0.9967777777777778,
            "truck": 0.9986666666666667
        },
        "FPRate": {
            "airplane": 3.3333333333333335e-3,
            "automobile": 1.3333333333333333e-3,
            "bird": 3.2222222222222222e-3,
            "cat": 6.7777777777777775e-3,
            "deer": 3.777777777777778e-3,
            "dog": 6.111111111111111e-3,
            "frog": 1.4444444444444444e-3,
            "horse": 1.4444444444444444e-3,
            "ship": 3.2222222222222222e-3,
            "truck": 1.3333333333333333e-3
        },
        "FNRate": {
            "airplane": 2.5e-2,
            "automobile": 1.3e-2,
            "bird": 3.1e-2,
            "cat": 7.5e-2,
            "deer": 1.7e-2,
            "dog": 6.3e-2,
            "frog": 1.5e-2,
            "horse": 1.6e-2,
            "ship": 1.4e-2,
            "truck": 1.9e-2
        },
        "F1Score": {
            "airplane": 0.972568578553616,
            "automobile": 0.9874937468734367,
            "bird": 0.96996996996997,
            "cat": 0.9315206445115811,
            "deer": 0.9747149231531979,
            "dog": 0.9407630522088354,
            "frog": 0.985985985985986,
            "horse": 0.985478217325989,
            "ship": 0.9786600496277915,
            "truck": 0.9844455594581034
        }
    },
    "Threshold": {
        "Uncertainty": [
            0.25, 0.3, 0.35, 0.4, 0.45, 0.5, 0.55, 0.6000000000000001, 0.65, 0.7, 0.75, 0.8, 0.81, 0.8200000000000001,
            0.8300000000000001, 0.8400000000000001, 0.8500000000000001, 0.8600000000000001, 0.8700000000000001,
            0.8800000000000001, 0.89, 0.9, 0.91, 0.92, 0.93, 0.9400000000000001, 0.9500000000000001, 0.9600000000000001,
            0.9700000000000001, 0.9800000000000001, 0.99, 0.991, 0.992, 0.993, 0.994, 0.995, 0.996, 0.997, 0.998, 0.999,
            0.9991, 0.9992, 0.9993, 0.9994, 0.9994999999999999, 0.9995999999999999, 0.9997, 0.9998, 0.9999
        ],
        "AcceptanceRate": [
            0.9712, 0.9712, 0.9712, 0.9716773418734987, 0.9722500500901623, 0.9730109360890941, 0.974065138721351,
            0.975211608222491, 0.9762722132471728, 0.9770289415098158, 0.9780777428194458, 0.9800244598450877,
            0.9802101397531368, 0.9804061638942749, 0.9807928075194116, 0.9809874271695799, 0.9812787723785166,
            0.9812711083819465, 0.9815573770491803, 0.9817435897435898, 0.9822400164254184, 0.9827355872983249,
            0.9828224645134745, 0.9835153513290747, 0.9841056868613892, 0.9846885992137389, 0.9852697095435685,
            0.9863697846217875, 0.9875692050558863, 0.9896787783043707, 0.9922033536259746, 0.9928234790059983,
            0.9933376316355039, 0.993537268418785, 0.9942634484251542, 0.9943398280178513, 0.9946230659497421,
            0.9953125, 0.9960168697282099, 0.996031746031746, 0.9977194982896237, 0.9945504087193461,
            0.9923664122137404, 1.0, 1.0, 1.0, 1.0, 1, 1
        ],
        "RejectionRate": [
            0.0, 0.0, 0.0, 8.0e-4, 1.8e-3, 3.3e-3, 5.2e-3, 7.6e-3, 9.6e-3, 1.18e-2, 1.47e-2, 1.88e-2, 1.97e-2, 2.01e-2,
            2.12e-2, 2.17e-2, 2.25e-2, 2.29e-2, 2.4e-2, 2.5e-2, 2.59e-2, 2.69e-2, 2.78e-2, 2.94e-2, 3.11e-2, 3.34e-2,
            3.6e-2, 3.89e-2, 4.27e-2, 5.05e-2, 6.37e-2, 6.64e-2, 6.94e-2, 7.16e-2, 7.61e-2, 8.13e-2, 8.87e-2, 0.104,
            0.1464, 0.8236, 0.9123, 0.9633, 0.9869, 0.9951, 0.9991, 0.9997, 0.9999, 1.0, 1.0
        ]
    },
    "Confusion": {
        "Classes": ["airplane", "automobile", "bird", "cat", "deer", "dog", "frog", "horse", "ship", "truck"],
        "ConfusionMatrix": [
            [975, 0, 4, 3, 0, 0, 0, 0, 16, 2],
            [1, 987, 0, 0, 0, 1, 0, 0, 3, 8],
            [8, 0, 969, 4, 5, 7, 3, 2, 2, 0],
            [4, 1, 10, 925, 13, 39, 5, 1, 2, 0],
            [0, 0, 4, 5, 983, 2, 3, 3, 0, 0],
            [2, 0, 3, 42, 8, 937, 2, 6, 0, 0],
            [3, 0, 5, 4, 1, 1, 985, 1, 0, 0],
            [2, 0, 1, 1, 7, 5, 0, 984, 0, 0],
            [8, 1, 2, 1, 0, 0, 0, 0, 986, 2],
            [2, 10, 0, 1, 0, 0, 0, 0, 6, 981]
        ]
    },
    "Test": [
        {
            "Index": 1,
            "TestID": "Dependency Check",
            "Result": "Success",
            "Time": 2.1307828,
            "MemoryChange": 5.091248
        },
        {
            "Index": 2,
            "TestID": "Pre-define",
            "Result": "Success",
            "Time": 0.e-7,
            "MemoryChange": 1.592e-3
        },
        {
            "Index": 3,
            "TestID": "GPU Warm-Up",
            "Result": "Success",
            "Time": 4.2351405,
            "MemoryChange": 5.4112472e1
        },
        {
            "Index": 4,
            "TestID": "Loading Model",
            "Result": "Success",
            "Time": 1.8225779,
            "MemoryChange": 1.46422696e2
        },
        {
            "Index": 5,
            "TestID": "Loading Data",
            "Result": "Success",
            "Time": 0.3525700,
            "MemoryChange": 4.2325832e1
        },
        {
            "Index": 6,
            "TestID": "Benchmark Test",
            "Result": "Success",
            "Time": 37.7018936,
            "MemoryChange": 1.54736
        },
        {
            "Index": 7,
            "TestID": "Result Dump",
            "Result": "Success",
            "Time": 0.1057653,
            "MemoryChange": -8.2784e-2
        },
        {
            "Index": 8,
            "TestID": "Analyzing",
            "Result": "Success",
            "Time": 9.3449897,
            "MemoryChange": 2.6256288e1
        }
    ],
    "Image": {
        "Classification Curve.png": "https://i.loli.net/2018/11/19/5bf240f955722.png",
        "High Precision Classification Curve.png": "https://i.loli.net/2018/11/19/5bf240f9cf50e.png",
        "ConfusionMatrix.png": "https://i.loli.net/2018/11/19/5bf240f9d0399.png",
        "Accuracy Rejection Curve.png": "https://i.loli.net/2018/11/19/5bf240f9d0c64.png"
    }
}