{
    "Name": "WRN40-8 trained on CIFAR10",
    "Date": "Mon 19 Nov 2018 12:52:01",
    "Task": "Classification",
    "Net": {
        "Size": 1.43079704e2,
        "Parameters": 35769926,
        "Nodes": 137,
        "Layers": {
            "AggregationLayer": 1,
            "BatchNormalizationLayer": 39,
            "ConvolutionLayer": 40,
            "ElementwiseLayer": 37,
            "LinearLayer": 1,
            "SoftmaxLayer": 1,
            "ThreadingLayer": 18
        }
    },
    "Speed": 3.63104589,
    "Indicator": {
        "Top-1": 0.9717,
        "Top-2": 0.9915,
        "Top-3": 0.9967,
        "Top-5": 0.9989,
        "LogLikelihood": -1.2569320249148316e3,
        "CrossEntropyLoss": 0.12569320249148316,
        "ProbabilityLoss": 6.304606898056451e-3,
        "MeanProbability": 0.9680522359103546,
        "GeometricMeanProbability": 0.8818853655169955,
        "VarianceProbability": 2.4111237804973155e-2,
        "ScottPi": 0.9685554074165861,
        "CohenKappa": 0.9685555555555556,
        "RejectionRate": 0.0
    },
    "Dual": {
        "Count": {
            "airplane": 1000,
            "automobile": 1000,
            "bird": 1000,
            "cat": 1000,
            "deer": 1000,
            "dog": 1000,
            "frog": 1000,
            "horse": 1000,
            "ship": 1000,
            "truck": 1000
        },
        "TPRate": {
            "airplane": 0.983,
            "automobile": 0.979,
            "bird": 0.956,
            "cat": 0.943,
            "deer": 0.979,
            "dog": 0.939,
            "frog": 0.983,
            "horse": 0.982,
            "ship": 0.991,
            "truck": 0.982
        },
        "TNRate": {
            "airplane": 0.9966666666666667,
            "automobile": 0.9988888888888889,
            "bird": 0.9973333333333333,
            "cat": 0.9927777777777778,
            "deer": 0.9956666666666667,
            "dog": 0.9947777777777778,
            "frog": 0.9985555555555555,
            "horse": 0.999,
            "ship": 0.997,
            "truck": 0.9978888888888889
        },
        "FPRate": {
            "airplane": 3.3333333333333335e-3,
            "automobile": 1.1111111111111111e-3,
            "bird": 2.6666666666666666e-3,
            "cat": 7.222222222222222e-3,
            "deer": 4.333333333333333e-3,
            "dog": 5.222222222222222e-3,
            "frog": 1.4444444444444444e-3,
            "horse": 1.0e-3,
            "ship": 3.0e-3,
            "truck": 2.111111111111111e-3
        },
        "FNRate": {
            "airplane": 1.7e-2,
            "automobile": 2.1e-2,
            "bird": 4.4e-2,
            "cat": 5.7e-2,
            "deer": 2.1e-2,
            "dog": 6.1e-2,
            "frog": 1.7e-2,
            "horse": 1.8e-2,
            "ship": 9.0e-3,
            "truck": 1.8e-2
        },
        "F1Score": {
            "airplane": 0.9766517635370094,
            "automobile": 0.9844142785319256,
            "bird": 0.9656565656565657,
            "cat": 0.9392430278884463,
            "deer": 0.9702675916749257,
            "dog": 0.945619335347432,
            "frog": 0.9849699398797596,
            "horse": 0.9864389753892516,
            "ship": 0.9821605550049554,
            "truck": 0.9815092453773113
        }
    },
    "Threshold": {
        "Uncertainty": [
            0.25, 0.3, 0.35, 0.4, 0.45, 0.5, 0.55, 0.6000000000000001, 0.65, 0.7, 0.75, 0.8, 0.81, 0.8200000000000001,
            0.8300000000000001, 0.8400000000000001, 0.8500000000000001, 0.8600000000000001, 0.8700000000000001,
            0.8800000000000001, 0.89, 0.9, 0.91, 0.92, 0.93, 0.9400000000000001, 0.9500000000000001, 0.9600000000000001,
            0.9700000000000001, 0.9800000000000001, 0.99, 0.991, 0.992, 0.993, 0.994, 0.995, 0.996, 0.997, 0.998, 0.999,
            0.9991, 0.9992, 0.9993, 0.9994, 0.9994999999999999, 0.9995999999999999, 0.9997, 0.9998, 0.9999
        ],
        "AcceptanceRate": [
            0.9717, 0.9717, 0.9717971797179717, 0.9719915974792438, 0.9721860930465233, 0.9724724724724725,
            0.9733333333333334, 0.9743615523828675, 0.975708093942143, 0.976765329831296, 0.9779083907580057,
            0.9798678190137264, 0.9801546916344392, 0.9805479173031877, 0.9808417405482523, 0.9809300428309199,
            0.9810281517747858, 0.9816195241499029, 0.9820077693723165, 0.9820990180032734, 0.9822927328556806,
            0.9826897470039947, 0.9830838630305516, 0.983475315611208, 0.983967112024666, 0.984651833539349,
            0.9855416709697408, 0.9865229110512129, 0.9875091079421255, 0.9888947092718701, 0.9913098770665536,
            0.9920314492137696, 0.9924339300937767, 0.9926140012845215, 0.9928971157985363, 0.9933796396787498,
            0.9943783068783069, 0.9958720330237358, 0.9974039460020768, 0.9886363636363636, 0.9787234042553191, 0.96,
            1.0, 1.0, 1.0, 1.0, 1.0, 1, 1
        ],
        "RejectionRate": [
            0.0, 0.0, 1.0e-4, 3.0e-4, 5.0e-4, 1.0e-3, 2.5e-3, 5.4e-3, 7.9e-3, 1.01e-2, 1.32e-2, 1.65e-2, 1.74e-2,
            1.81e-2, 1.87e-2, 1.94e-2, 1.96e-2, 2.07e-2, 2.18e-2, 2.24e-2, 2.3e-2, 2.37e-2, 2.46e-2, 2.57e-2, 2.7e-2,
            2.92e-2, 3.17e-2, 3.54e-2, 3.93e-2, 4.55e-2, 5.64e-2, 5.88e-2, 6.16e-2, 6.58e-2, 7.08e-2, 7.86e-2, 9.28e-2,
            0.1279, 0.4222, 0.9912, 0.9953, 0.9975, 0.9987, 0.9994, 0.9996, 0.9998, 0.9999, 1.0, 1.0
        ]
    },
    "Confusion": {
        "Classes": ["airplane", "automobile", "bird", "cat", "deer", "dog", "frog", "horse", "ship", "truck"],
        "ConfusionMatrix": [
            [983, 0, 3, 1, 1, 1, 0, 0, 10, 1],
            [1, 979, 0, 0, 0, 1, 0, 0, 3, 16],
            [11, 0, 956, 7, 10, 8, 5, 1, 2, 0],
            [3, 1, 4, 943, 11, 26, 6, 2, 3, 1],
            [1, 0, 6, 9, 979, 3, 0, 1, 1, 0],
            [1, 0, 6, 38, 10, 939, 2, 4, 0, 0],
            [2, 0, 2, 8, 2, 0, 983, 1, 1, 1],
            [2, 0, 2, 2, 5, 7, 0, 982, 0, 0],
            [7, 1, 1, 0, 0, 0, 0, 0, 991, 0],
            [2, 8, 0, 0, 0, 1, 0, 0, 7, 982]
        ]
    },
    "Test": [
        {
            "Index": 1,
            "TestID": "Dependency Check",
            "Result": "Success",
            "Time": 2.2703336,
            "MemoryChange": 5.10068
        },
        {
            "Index": 2,
            "TestID": "Pre-define",
            "Result": "Success",
            "Time": 0.e-7,
            "MemoryChange": 1.592e-3
        },
        {
            "Index": 3,
            "TestID": "GPU Warm-Up",
            "Result": "Success",
            "Time": 4.7125649,
            "MemoryChange": 6.5366e1
        },
        {
            "Index": 4,
            "TestID": "Loading Model",
            "Result": "Success",
            "Time": 1.7788658,
            "MemoryChange": 1.43682656e2
        },
        {
            "Index": 5,
            "TestID": "Loading Data",
            "Result": "Success",
            "Time": 0.3490412,
            "MemoryChange": 4.232584e1
        },
        {
            "Index": 6,
            "TestID": "Benchmark Test",
            "Result": "Success",
            "Time": 36.8359571,
            "MemoryChange": 0.773432
        },
        {
            "Index": 7,
            "TestID": "Result Dump",
            "Result": "Success",
            "Time": 0.0758360,
            "MemoryChange": -0.12036
        },
        {
            "Index": 8,
            "TestID": "Analyzing",
            "Result": "Success",
            "Time": 8.5656615,
            "MemoryChange": 2.6276312e1
        }
    ],
    "Image": {
        "Classification Curve.png": "https://i.loli.net/2018/11/19/5bf24181d8906.png",
        "High Precision Classification Curve.png": "https://i.loli.net/2018/11/19/5bf24182219a3.png",
        "Accuracy Rejection Curve.png": "https://i.loli.net/2018/11/19/5bf24182612a1.png",
        "ConfusionMatrix.png": "https://i.loli.net/2018/11/19/5bf2418262dda.png"
    }
}