{
    "Name": "ResnetV2-20 trained on CIFAR10",
    "Date": "Sun 18 Nov 2018 20:20:15",
    "Task": "Classification",
    "Net": {
        "Size": 1.0946799999999999,
        "Parameters": 273670,
        "Nodes": 72,
        "Layers": {
            "AggregationLayer": 1,
            "BatchNormalizationLayer": 20,
            "ConvolutionLayer": 21,
            "ElementwiseLayer": 19,
            "LinearLayer": 1,
            "SoftmaxLayer": 1,
            "ThreadingLayer": 9
        }
    },
    "Speed": 0.21053808000000002,
    "Indicator": {
        "Top-1": 0.9239,
        "Top-2": 0.9769,
        "Top-3": 0.9902,
        "Top-5": 0.9979,
        "LogLikelihood": -2.438717664084514e3,
        "CrossEntropyLoss": 0.2438717664084514,
        "ProbabilityLoss": 3.383262224986525e-2,
        "MeanProbability": 0.9044259806111157,
        "GeometricMeanProbability": 0.7835881101381915,
        "VarianceProbability": 5.551143966315725e-2,
        "ScottPi": 0.9154425489482501,
        "CohenKappa": 0.9154444444444445,
        "RejectionRate": 0.0
    },
    "Dual": {
        "Count": {
            "airplane": 1000,
            "automobile": 1000,
            "bird": 1000,
            "cat": 1000,
            "deer": 1000,
            "dog": 1000,
            "frog": 1000,
            "horse": 1000,
            "ship": 1000,
            "truck": 1000
        },
        "TPRate": {
            "airplane": 0.946,
            "automobile": 0.965,
            "bird": 0.898,
            "cat": 0.834,
            "deer": 0.951,
            "dog": 0.872,
            "frog": 0.917,
            "horse": 0.939,
            "ship": 0.966,
            "truck": 0.951
        },
        "TNRate": {
            "airplane": 0.9887777777777778,
            "automobile": 0.9963333333333333,
            "bird": 0.9888888888888889,
            "cat": 0.9837777777777778,
            "deer": 0.9897777777777778,
            "dog": 0.9866666666666667,
            "frog": 0.9962222222222222,
            "horse": 0.9957777777777778,
            "ship": 0.9936666666666667,
            "truck": 0.9955555555555555
        },
        "FPRate": {
            "airplane": 1.1222222222222222e-2,
            "automobile": 3.6666666666666666e-3,
            "bird": 1.1111111111111112e-2,
            "cat": 1.622222222222222e-2,
            "deer": 1.0222222222222223e-2,
            "dog": 1.3333333333333334e-2,
            "frog": 3.777777777777778e-3,
            "horse": 4.222222222222222e-3,
            "ship": 6.333333333333333e-3,
            "truck": 4.4444444444444444e-3
        },
        "FNRate": {
            "airplane": 5.4e-2,
            "automobile": 3.5e-2,
            "bird": 0.102,
            "cat": 0.166,
            "deer": 4.9e-2,
            "dog": 0.128,
            "frog": 8.3e-2,
            "horse": 6.1e-2,
            "ship": 3.4e-2,
            "truck": 4.9e-2
        },
        "F1Score": {
            "airplane": 0.9242794333170493,
            "automobile": 0.965965965965966,
            "bird": 0.8988988988988988,
            "cat": 0.8424242424242424,
            "deer": 0.9309838472834068,
            "dog": 0.8755020080321285,
            "frog": 0.9400307534597643,
            "horse": 0.9499241274658573,
            "ship": 0.9550173010380623,
            "truck": 0.9552988448016072
        }
    },
    "Threshold": {
        "Uncertainty": [
            0.25, 0.3, 0.35, 0.4, 0.45, 0.5, 0.55, 0.6000000000000001, 0.65, 0.7, 0.75, 0.8, 0.81, 0.8200000000000001,
            0.8300000000000001, 0.8400000000000001, 0.8500000000000001, 0.8600000000000001, 0.8700000000000001,
            0.8800000000000001, 0.89, 0.9, 0.91, 0.92, 0.93, 0.9400000000000001, 0.9500000000000001, 0.9600000000000001,
            0.9700000000000001, 0.9800000000000001, 0.99, 0.991, 0.992, 0.993, 0.994, 0.995, 0.996, 0.997, 0.998, 0.999,
            0.9991, 0.9992, 0.9993, 0.9994, 0.9994999999999999, 0.9995999999999999, 0.9997, 0.9998, 0.9999
        ],
        "AcceptanceRate": [
            0.923992399239924, 0.9242697078831532, 0.9246170787866653, 0.9264056224899598, 0.9294580684226461,
            0.9333401180541421, 0.940072202166065, 0.9453443411014735, 0.9499682001271995, 0.9538445063182694,
            0.9570978603236667, 0.9623079473858738, 0.9644523439235725, 0.9648751115075825, 0.9667040358744394,
            0.9675602613201172, 0.9684174779261943, 0.9698658176029111, 0.9705277587388622, 0.9717143842704381,
            0.9730729226857737, 0.9744993013507219, 0.9760675739089629, 0.9777409424579683, 0.9799808199472548,
            0.9826266553274208, 0.9845850289801455, 0.9865103378719112, 0.989391979301423, 0.9912398921832885,
            0.9944076526857983, 0.9949109414758269, 0.9954233409610984, 0.9959349593495935, 0.9963087786872091,
            0.9968511766655618, 0.99721059972106, 0.9975388110564181, 0.9975609756097561, 0.9982894286691755,
            0.9992478375329071, 0.9995791245791246, 0.9995256166982922, 0.9994447529150472, 1.0, 1.0, 1.0, 1.0, 1.0
        ],
        "RejectionRate": [
            1.0e-4, 4.0e-4, 1.1e-3, 4.0e-3, 9.1e-3, 1.74e-2, 3.05e-2, 4.31e-2, 5.66e-2, 6.62e-2, 7.93e-2, 9.53e-2,
            9.98e-2, 0.1032, 0.108, 0.1122, 0.1166, 0.1206, 0.1246, 0.1303, 0.1347, 0.1412, 0.1476, 0.1554, 0.1658,
            0.1769, 0.1891, 0.2068, 0.227, 0.258, 0.3205, 0.3319, 0.3445, 0.3604, 0.3769, 0.3966, 0.4264, 0.4718, 0.549,
            0.7077, 0.7341, 0.7624, 0.7892, 0.8199, 0.8541, 0.8911, 0.9276, 0.9618, 0.9916
        ]
    },
    "Confusion": {
        "Classes": ["airplane", "automobile", "bird", "cat", "deer", "dog", "frog", "horse", "ship", "truck"],
        "ConfusionMatrix": [
            [946, 1, 9, 3, 2, 2, 2, 2, 25, 8],
            [5, 965, 0, 2, 1, 0, 0, 0, 7, 20],
            [25, 0, 898, 17, 22, 14, 10, 9, 3, 2],
            [19, 2, 22, 834, 18, 72, 15, 10, 5, 3],
            [3, 0, 14, 11, 951, 7, 4, 10, 0, 0],
            [4, 1, 16, 76, 22, 872, 2, 6, 0, 1],
            [9, 1, 30, 24, 11, 3, 917, 1, 4, 0],
            [6, 0, 6, 8, 16, 21, 1, 939, 2, 1],
            [20, 5, 2, 1, 0, 1, 0, 0, 966, 5],
            [10, 23, 1, 4, 0, 0, 0, 0, 11, 951]
        ]
    },
    "Test": [
        {
            "Index": 1,
            "TestID": "Dependency Check",
            "Result": "Success",
            "Time": 2.2469944,
            "MemoryChange": 5.10072
        },
        {
            "Index": 2,
            "TestID": "Pre-define",
            "Result": "Success",
            "Time": 0.e-7,
            "MemoryChange": 1.704e-3
        },
        {
            "Index": 3,
            "TestID": "GPU Warm-Up",
            "Result": "Success",
            "Time": 4.9517662,
            "MemoryChange": 6.5366384e1
        },
        {
            "Index": 4,
            "TestID": "Loading Model",
            "Result": "Success",
            "Time": 0.0319491,
            "MemoryChange": 1.450808
        },
        {
            "Index": 5,
            "TestID": "Loading Data",
            "Result": "Success",
            "Time": 0.3440812,
            "MemoryChange": 4.232584e1
        },
        {
            "Index": 6,
            "TestID": "Benchmark Test",
            "Result": "Success",
            "Time": 2.5870858,
            "MemoryChange": 0.609136
        },
        {
            "Index": 7,
            "TestID": "Result Dump",
            "Result": "Success",
            "Time": 0.0190076,
            "MemoryChange": -6.256e-2
        },
        {
            "Index": 8,
            "TestID": "Analyzing",
            "Result": "Success",
            "Time": 8.7406406,
            "MemoryChange": 2.5970464e1
        }
    ],
    "Image": {
        "Classification Curve.png": "https://i.loli.net/2018/11/17/5bf021480f2eb.png",
        "High Precision Classification Curve.png": "https://i.loli.net/2018/11/17/5bf02148da6f8.png",
        "Accuracy Rejection Curve.png": "https://i.loli.net/2018/11/17/5bf0214b8b2b2.png",