{
    "Name": "ResnetV2-110 trained on CIFAR10",
    "Date": "Sun 18 Nov 2018 20:31:59",
    "Task": "Classification",
    "Net": {
        "Size": 6.95452,
        "Parameters": 1738630,
        "Nodes": 387,
        "Layers": {
            "AggregationLayer": 1,
            "BatchNormalizationLayer": 110,
            "ConvolutionLayer": 111,
            "ElementwiseLayer": 109,
            "LinearLayer": 1,
            "SoftmaxLayer": 1,
            "ThreadingLayer": 54
        }
    },
    "Speed": 0.5325765100000001,
    "Indicator": {
        "Top-1": 0.9527,
        "Top-2": 0.9853,
        "Top-3": 0.9951,
        "Top-5": 0.9989,
        "LogLikelihood": -1.9119077286853458e3,
        "CrossEntropyLoss": 0.1911907728685346,
        "ProbabilityLoss": 1.1167748221898612e-2,
        "MeanProbability": 0.9466148088522736,
        "GeometricMeanProbability": 0.8259749994998599,
        "VarianceProbability": 3.877257148845997e-2,
        "ScottPi": 0.9474440155292156,
        "CohenKappa": 0.9474444444444444,
        "RejectionRate": 0.0
    },
    "Dual": {
        "Count": {
            "airplane": 1000,
            "automobile": 1000,
            "bird": 1000,
            "cat": 1000,
            "deer": 1000,
            "dog": 1000,
            "frog": 1000,
            "horse": 1000,
            "ship": 1000,
            "truck": 1000
        },
        "TPRate": {
            "airplane": 0.958,
            "automobile": 0.982,
            "bird": 0.92,
            "cat": 0.907,
            "deer": 0.971,
            "dog": 0.92,
            "frog": 0.964,
            "horse": 0.964,
            "ship": 0.977,
            "truck": 0.964
        },
        "TNRate": {
            "airplane": 0.9934444444444445,
            "automobile": 0.9974444444444445,
            "bird": 0.9937777777777778,
            "cat": 0.988,
            "deer": 0.9936666666666667,
            "dog": 0.9911111111111112,
            "frog": 0.9981111111111111,
            "horse": 0.9981111111111111,
            "ship": 0.9962222222222222,
            "truck": 0.9975555555555555
        },
        "FPRate": {
            "airplane": 6.555555555555556e-3,
            "automobile": 2.5555555555555557e-3,
            "bird": 6.222222222222222e-3,
            "cat": 1.2e-2,
            "deer": 6.333333333333333e-3,
            "dog": 8.888888888888889e-3,
            "frog": 1.888888888888889e-3,
            "horse": 1.888888888888889e-3,
            "ship": 3.777777777777778e-3,
            "truck": 2.4444444444444444e-3
        },
        "FNRate": {
            "airplane": 4.2e-2,
            "automobile": 1.8e-2,
            "bird": 8.0e-2,
            "cat": 9.3e-2,
            "deer": 2.9e-2,
            "dog": 8.0e-2,
            "frog": 3.6e-2,
            "horse": 3.6e-2,
            "ship": 2.3e-2,
            "truck": 3.6e-2
        },
        "F1Score": {
            "airplane": 0.9499256321269212,
            "automobile": 0.9795511221945137,
            "bird": 0.9311740890688259,
            "cat": 0.9002481389578164,
            "deer": 0.9575936883629191,
            "dog": 0.92,
            "frog": 0.9732458354366481,
            "horse": 0.9732458354366481,
            "ship": 0.9716558925907509,
            "truck": 0.9707955689828801
        }
    },
    "Threshold": {
        "Uncertainty": [
            0.25, 0.3, 0.35, 0.4, 0.45, 0.5, 0.55, 0.6000000000000001, 0.65, 0.7, 0.75, 0.8, 0.81, 0.8200000000000001,
            0.8300000000000001, 0.8400000000000001, 0.8500000000000001, 0.8600000000000001, 0.8700000000000001,
            0.8800000000000001, 0.89, 0.9, 0.91, 0.92, 0.93, 0.9400000000000001, 0.9500000000000001, 0.9600000000000001,
            0.9700000000000001, 0.9800000000000001, 0.99, 0.991, 0.992, 0.993, 0.994, 0.995, 0.996, 0.997, 0.998, 0.999,
            0.9991, 0.9992, 0.9993, 0.9994, 0.9994999999999999, 0.9995999999999999, 0.9997, 0.9998, 0.9999
        ],
        "AcceptanceRate": [
            0.9527, 0.9527, 0.9529811924769908, 0.9534581123010709, 0.9538122432621982, 0.9557139987949388,
            0.9578713968957872, 0.9593487713621195, 0.9610772357723577, 0.9624681285058644, 0.964633521271143,
            0.9666323377960865, 0.9671100113413754, 0.9674922600619195, 0.9684689341465936, 0.9691479449218345,
            0.9698038808757912, 0.970468961214516, 0.970931444050844, 0.9718045112781954, 0.9722571189279732,
            0.973548861131521, 0.9742186677891193, 0.9749868073878628, 0.9768033047346679, 0.977565124933546,
            0.9791644406453681, 0.9799849348972345, 0.9820632677464942, 0.984137475214805, 0.9885422575155984,
            0.9890473474044496, 0.9898873822109859, 0.9905846797628735, 0.9917335852621635, 0.992554619797388,
            0.9935821872953503, 0.9954265888661095, 0.9962395917271017, 0.9955357142857143, 0.9957264957264957,
            0.9970501474926253, 0.9954337899543378, 1.0, 1.0, 1.0, 1.0, 1.0, 1
        ],
        "RejectionRate": [
            0.0, 0.0, 4.0e-4, 9.0e-4, 1.9e-3, 4.2e-3, 7.8e-3, 1.11e-2, 1.6e-2, 1.95e-2, 2.45e-2, 2.9e-2, 3.01e-2,
            3.1e-2, 3.27e-2, 3.41e-2, 3.63e-2, 3.83e-2, 4.02e-2, 4.24e-2, 4.48e-2, 4.73e-2, 4.97e-2, 5.25e-2, 5.59e-2,
            5.95e-2, 6.41e-2, 7.07e-2, 8.01e-2, 9.22e-2, 0.1185, 0.1235, 0.1298, 0.1397, 0.1532, 0.1807, 0.2365, 0.3659,
            0.6277, 0.9328, 0.9532, 0.9661, 0.9781, 0.9881, 0.9937, 0.997, 0.9989, 0.9998, 1.0
        ]
    },
    "Confusion": {
        "Classes": ["airplane", "automobile", "bird", "cat", "deer", "dog", "frog", "horse", "ship", "truck"],
        "ConfusionMatrix": [
            [958, 0, 13, 5, 0, 1, 1, 1, 18, 3],
            [2, 982, 0, 0, 0, 0, 0, 0, 1, 15],
            [17, 0, 920, 15, 20, 12, 8, 6, 1, 1],
            [7, 1, 12, 907, 8, 54, 3, 2, 4, 2],
            [2, 0, 7, 13, 971, 2, 1, 4, 0, 0],
            [4, 0, 10, 45, 13, 920, 4, 4, 0, 0],
            [5, 0, 8, 15, 6, 2, 964, 0, 0, 0],
            [4, 0, 3, 11, 9, 9, 0, 964, 0, 0],
            [12, 5, 2, 2, 1, 0, 0, 0, 977, 1],
            [6, 17, 1, 2, 0, 0, 0, 0, 10, 964]
        ]
    },
    "Test": [
        {
            "Index": 1,
            "TestID": "Dependency Check",
            "Result": "Success",
            "Time": 2.2360263,
            "MemoryChange": 3.5048e-2
        },
        {
            "Index": 2,
            "TestID": "Pre-define",
            "Result": "Success",
            "Time": 0.0009976,
            "MemoryChange": 1.592e-3
        },
        {
            "Index": 3,
            "TestID": "GPU Warm-Up",
            "Result": "Success",
            "Time": 4.3533964,
            "MemoryChange": 1.4660752e1
        },
        {
            "Index": 4,
            "TestID": "Loading Model",
            "Result": "Success",
            "Time": 0.2503692,
            "MemoryChange": 8.719208
        },
        {
            "Index": 5,
            "TestID": "Loading Data",
            "Result": "Success",
            "Time": 0.3440811,
            "MemoryChange": 4.2324632e1
        },
        {
            "Index": 6,
            "TestID": "Benchmark Test",
            "Result": "Success",
            "Time": 5.7995012,
            "MemoryChange": 4.05528
        },
        {
            "Index": 7,
            "TestID": "Result Dump",
            "Result": "Success",
            "Time": 0.0219413,
            "MemoryChange": -0.342304
        },
        {
            "Index": 8,
            "TestID": "Analyzing",
            "Result": "Success",
            "Time": 8.3457642,
            "MemoryChange": 2.6285376e1
        }
    ],
    "Image": {
        "Classification Curve.png": "https://i.loli.net/2018/11/18/5bf15f5518d08.png",
        "High Precision Classification Curve.png": "https://i.loli.net/2018/11/18/5bf15f555eaa4.png",
        "Accuracy Rejection Curve.png": "https://i.loli.net/2018/11/18/5bf15f55a304a.png",
        "ConfusionMatrix.png": "https://i.loli.net/2018/11/18/5bf15f570503b.png"
    }
}