{
	"NetInfomation":{
		"Input":[
			3,
			32,
			32
		],
		"ParametersCount":1738630,
		"ModelSize":6.95452,
		"Nodes":387
	},
	"TrainingSet":{
		"Date":"Wed 3 Oct 2018 22:07:54",
		"Number":50000,
		"Losses":{
			"CrossEntropyLoss":3.703753281809695e2,
			"ProbabilityLoss":5.426894658064702e-3,
			"Top-1":49928,
			"Top-2":49990,
			"Top-3":49995,
			"Top-5":49999
		},
		"Time":2.4177763000000002e1
	},
	"TestingSet":{
		"Date":"Wed 3 Oct 2018 22:08:30",
		"Number":10000,
		"Losses":{
			"CrossEntropyLoss":1.9119076705081752e3,
			"ProbabilityLoss":5.3385190489290836e-2,
			"Top-1":9527,
			"Top-2":9853,
			"Top-3":9951,
			"Top-5":9989
		},
		"Time":4.8988224
	}
}