{
	"NetInfomation":{
		"Input":[
			3,
			32,
			32
		],
		"ParametersCount":35769926,
		"ModelSize":1.43079704e2,
		"Nodes":137
	},
	"TrainingSet":{
		"Date":"Wed 3 Oct 2018 22:13:55",
		"Number":50000,
		"Losses":{
			"CrossEntropyLoss":1.0070549366888008e2,
			"ProbabilityLoss":1.9950034791231157e-3,
			"Top-1":49998,
			"Top-2":50000,
			"Top-3":50000,
			"Top-5":50000
		},
		"Time":1.7839304199999998e2
	},
	"TestingSet":{
		"Date":"Wed 3 Oct 2018 22:17:05",
		"Number":10000,
		"Losses":{
			"CrossEntropyLoss":1.2569320242266695e3,
			"ProbabilityLoss":3.194776408964535e-2,
			"Top-1":9717,
			"Top-2":9915,
			"Top-3":9967,
			"Top-5":9989
		},
		"Time":3.6062994100000004e1
	}
}