{
    "Date": "Sat 17 Nov 2018 16:38:55",
    "Net": {
        "Size": 1.72432,
        "Parameters": 431080,
        "Layers": {
            "ConvolutionLayer": 2,
            "ElementwiseLayer": 3,
            "PoolingLayer": 2,
            "FlattenLayer": 1,
            "LinearLayer": 2,
            "SoftmaxLayer": 1
        },
        "Nodes": 11
    },
    "Dual": {
        "Count": {
            "0": 980,
            "1": 1135,
            "2": 1032,
            "3": 1010,
            "4": 982,
            "5": 892,
            "6": 958,
            "7": 1028,
            "8": 974,
            "9": 1009
        },
        "TPRate": {
            "0": 0.993878,
            "1": 0.994714,
            "2": 0.974806,
            "3": 0.989109,
            "4": 0.977597,
            "5": 0.988789,
            "6": 0.974948,
            "7": 0.983463,
            "8": 0.9846,
            "9": 0.985134
        },
        "TNRate": {
            "0": 0.998559,
            "1": 0.999098,
            "2": 0.998996,
            "3": 0.99822,
            "4": 0.999446,
            "5": 0.997145,
            "6": 0.999336,
            "7": 0.996879,
            "8": 0.998449,
            "9": 0.996997
        },
        "FPRate": {
            "0": 0.00144124,
            "1": 0.000902425,
            "2": 0.00100357,
            "3": 0.00177976,
            "4": 0.000554447,
            "5": 0.00285463,
            "6": 0.00066357,
            "7": 0.00312082,
            "8": 0.00155107,
            "9": 0.003003
        },
        "FNRate": {
            "0": 0.00612245,
            "1": 0.00528634,
            "2": 0.0251938,
            "3": 0.0108911,
            "4": 0.0224033,
            "5": 0.0112108,
            "6": 0.0250522,
            "7": 0.016537,
            "8": 0.0154004,
            "9": 0.0148662
        },
        "F1Score": {
            "0": 0.990341,
            "1": 0.993838,
            "2": 0.982902,
            "3": 0.986667,
            "4": 0.986133,
            "5": 0.98,
            "6": 0.984194,
            "7": 0.978229,
            "8": 0.985105,
            "9": 0.97931
        }
    },
    "Threshold": {
        "Uncertainty": [
            0.25, 0.3, 0.35, 0.4, 0.45, 0.5, 0.55, 0.6, 0.65, 0.7, 0.75, 0.8, 0.81, 0.82, 0.83, 0.84, 0.85, 0.86, 0.87,
            0.88, 0.89, 0.9, 0.91, 0.92, 0.93, 0.94, 0.95, 0.96, 0.97, 0.98, 0.99, 0.991, 0.992, 0.993, 0.994, 0.995,
            0.996, 0.997, 0.998, 0.999, 0.9991, 0.9992, 0.9993, 0.9994, 0.9995, 0.9996, 0.9997, 0.9998, 0.9999
        ],
        "AcceptanceRate": [
            0.9848, 0.9848, 0.9848, 0.9848, 0.9849, 0.9853, 0.9858, 0.9864, 0.9878, 0.9883, 0.9891, 0.9895, 0.9897,
            0.9898, 0.99, 0.9902, 0.9908, 0.9908, 0.991, 0.9913, 0.9919, 0.992, 0.9926, 0.9926, 0.9928, 0.9934, 0.9936,
            0.9938, 0.9942, 0.9953, 0.9963, 0.9964, 0.9965, 0.9968, 0.9968, 0.9972, 0.9974, 0.9975, 0.9976, 0.9982,
            0.9982, 0.9983, 0.9983, 0.9983, 0.9984, 0.9986, 0.9989, 0.9992, 0.9994
        ],
        "RejectionRate": [
            0.0001, 0.0001, 0.0002, 0.0003, 0.0005, 0.0014, 0.0029, 0.0044, 0.0068, 0.0086, 0.0111, 0.013, 0.0137,
            0.0143, 0.0148, 0.0154, 0.0162, 0.0169, 0.0183, 0.0192, 0.0204, 0.0217, 0.024, 0.025, 0.0263, 0.0281,
            0.0304, 0.0331, 0.0374, 0.0456, 0.0584, 0.0601, 0.0618, 0.0644, 0.0673, 0.0716, 0.0764, 0.0824, 0.0931,
            0.1131, 0.1166, 0.1201, 0.1247, 0.1288, 0.1337, 0.1428, 0.152, 0.169, 0.1991
        ]
    },
    "Confusion": {
        "Classes": [0, 1, 2, 3, 4, 5, 6, 7, 8, 9],
        "ConfusionMatrix": [
            [974, 0, 0, 0, 0, 2, 1, 1, 2, 0],
            [0, 1129, 0, 1, 0, 1, 0, 4, 0, 0],
            [4, 3, 1006, 4, 0, 0, 1, 11, 3, 0],
            [0, 0, 1, 999, 0, 6, 0, 3, 1, 0],
            [0, 1, 1, 0, 960, 0, 3, 0, 1, 16],
            [0, 0, 0, 4, 0, 882, 1, 1, 3, 1],
            [6, 3, 2, 1, 2, 9, 934, 0, 1, 0],
            [0, 1, 5, 0, 0, 0, 0, 1011, 3, 8],
            [1, 0, 0, 4, 0, 3, 0, 5, 959, 2],
            [2, 0, 0, 2, 3, 5, 0, 3, 0, 994]
        ]
    },
    "Index": 7,
    "TestID": "Analyzing",
    "Result": "Success",
    "Time": 8.17581,
    "MemoryChange": 13.7619,
    "Test": [
        {
            "Index": 1,
            "TestID": "Pre-define",
            "Result": "Success",
            "Time": 0,
            "MemoryChange": 0.00204
        },
        {
            "Index": 2,
            "TestID": "GPU Warm-Up",
            "Result": "Success",
            "Time": 4.57631,
            "MemoryChange": 53.492
        },
        {
            "Index": 3,
            "TestID": "Loading Model",
            "Result": "Success",
            "Time": 0.034906,
            "MemoryChange": 1.76696
        },
        {
            "Index": 4,
            "TestID": "Loading Data",
            "Result": "Success",
            "Time": 2.06818,
            "MemoryChange": 35.0958
        },
        {
            "Index": 5,
            "TestID": "Benchmark Testing",
            "Result": "Success",
            "Time": 10.3561,
            "MemoryChange": 17.2234
        },
        {
            "Index": 6,
            "TestID": "Result Dumping",
            "Result": "Success",
            "Time": 0.0817804,
            "MemoryChange": -1.12314
        },
        {
            "Index": 7,
            "TestID": "Analyzing",
            "Result": "Success",
            "Time": 8.17581,
            "MemoryChange": 13.7619
        }
    ]
}