{
	"NetInfomation":{
		"Input":[
			3,
			32,
			32
		],
		"ParametersCount":859654,
		"ModelSize":3.4386159999999997,
		"Nodes":198
	},
	"TrainingSet":{
		"Date":"Wed 3 Oct 2018 22:07:23",
		"Number":50000,
		"Losses":{
			"CrossEntropyLoss":8.854475241790351e2,
			"ProbabilityLoss":1.1807934876815416e-2,
			"Top-1":49781,
			"Top-2":49962,
			"Top-3":49986,
			"Top-5":49998
		},
		"Time":1.4546128300000001e1
	},
	"TestingSet":{
		"Date":"Wed 3 Oct 2018 22:07:49",
		"Number":10000,
		"Losses":{
			"CrossEntropyLoss":2.112272616385446e3,
			"ProbabilityLoss":6.539027179778277e-2,
			"Top-1":9446,
			"Top-2":9811,
			"Top-3":9926,
			"Top-5":9989
		},
		"Time":3.0343119
	}
}