{
	"NetInfomation":{
		"Input":[
			3,
			32,
			32
		],
		"ParametersCount":17125702,
		"ModelSize":6.8502808e1,
		"Nodes":53
	},
	"TrainingSet":{
		"Date":"Wed 3 Oct 2018 22:08:39",
		"Number":50000,
		"Losses":{
			"CrossEntropyLoss":1.958761187282944e2,
			"ProbabilityLoss":3.8513631984591484e-3,
			"Top-1":49998,
			"Top-2":50000,
			"Top-3":50000,
			"Top-5":50000
		},
		"Time":5.9783605599999994e1
	},
	"TestingSet":{
		"Date":"Wed 3 Oct 2018 22:09:50",
		"Number":10000,
		"Losses":{
			"CrossEntropyLoss":1.1529768108010467e3,
			"ProbabilityLoss":4.629780607073772e-2,
			"Top-1":9650,
			"Top-2":9901,
			"Top-3":9963,
			"Top-5":9989
		},
		"Time":1.32892228e1
	}
}