{
	"NetInfomation":{
		"Input":[
			3,
			32,
			32
		],
		"ParametersCount":36497222,
		"ModelSize":1.45988888e2,
		"Nodes":95
	},
	"TrainingSet":{
		"Date":"Wed 3 Oct 2018 22:10:08",
		"Number":50000,
		"Losses":{
			"CrossEntropyLoss":6.580204806907568e1,
			"ProbabilityLoss":1.3135337579250335e-3,
			"Top-1":50000,
			"Top-2":50000,
			"Top-3":50000,
			"Top-5":50000
		},
		"Time":1.762142337e2
	},
	"TestingSet":{
		"Date":"Wed 3 Oct 2018 22:13:15",
		"Number":10000,
		"Losses":{
			"CrossEntropyLoss":1.2463023069411865e3,
			"ProbabilityLoss":3.256096617043513e-2,
			"Top-1":9712,
			"Top-2":9916,
			"Top-3":9969,
			"Top-5":9994
		},
		"Time":3.50128779e1
	}
}