{
	"NetInfomation":{
		"Input":[
			3,
			32,
			32
		],
		"ParametersCount":273670,
		"ModelSize":1.0946799999999999,
		"Nodes":72
	},
	"TrainingSet":{
		"Date":"Wed 3 Oct 2018 22:06:58",
		"Number":50000,
		"Losses":{
			"CrossEntropyLoss":3.6645464867218934e3,
			"ProbabilityLoss":4.3039140810885e-2,
			"Top-1":48849,
			"Top-2":49760,
			"Top-3":49922,
			"Top-5":49989
		},
		"Time":8.8853694
	},
	"TestingSet":{
		"Date":"Wed 3 Oct 2018 22:07:18",
		"Number":10000,
		"Losses":{
			"CrossEntropyLoss":2.438717678543928e3,
			"ProbabilityLoss":9.557401960308853e-2,
			"Top-1":9239,
			"Top-2":9769,
			"Top-3":9902,
			"Top-5":9979
		},
		"Time":1.6794798
	}
}